student_id,attendance_percent,student_name,student_email
1,81,Rohan Chopra,rohan.chopra804@example.com
2,44,Aditya Reddy,aditya.reddy744@example.com
3,90,Vivaan Yadav,vivaan.yadav540@example.com
4,50,Isha Khan,isha.khan132@example.com
5,53,Aarav Chopra,aarav.chopra52@example.com
6,32,Aadhya Reddy,aadhya.reddy773@example.com
7,51,Aarav Chopra,aarav.chopra311@example.com
8,82,Pari Rajput,pari.rajput837@example.com
9,31,Sai Yadav,sai.yadav836@example.com
10,59,Isha Chopra,isha.chopra193@example.com
11,67,Sara Reddy,sara.reddy512@example.com
12,31,Ananya Rajput,ananya.rajput854@example.com
13,93,Aarohi Verma,aarohi.verma547@example.com
14,89,Diya Sharma,diya.sharma4@example.com
15,50,Vihaan Khan,vihaan.khan328@example.com
16,62,Sara Rajput,sara.rajput14@example.com
17,87,Vihaan Chopra,vihaan.chopra566@example.com
18,51,Avni Chopra,avni.chopra384@example.com
19,78,Aarav Gupta,aarav.gupta676@example.com
20,88,Aarav Sharma,aarav.sharma563@example.com
21,71,Myra Mehta,myra.mehta226@example.com
22,89,Isha Sharma,isha.sharma515@example.com
23,44,Vivaan Reddy,vivaan.reddy488@example.com
24,91,Avni Reddy,avni.reddy123@example.com
25,91,Riya Khan,riya.khan766@example.com
26,76,Myra Sharma,myra.sharma704@example.com
27,91,Sara Patel,sara.patel832@example.com
28,80,Krishna Chopra,krishna.chopra30@example.com
29,84,Vihaan Patel,vihaan.patel963@example.com
30,93,Diya Chopra,diya.chopra196@example.com
31,32,Diya Khan,diya.khan293@example.com
32,80,Diya Yadav,diya.yadav185@example.com
33,36,Krishna Patel,krishna.patel378@example.com
34,50,Ishaan Verma,ishaan.verma24@example.com
35,68,Aarav Mehta,aarav.mehta425@example.com
36,47,Vihaan Mehta,vihaan.mehta847@example.com
37,33,Aadhya Verma,aadhya.verma873@example.com
38,89,Saanvi Gupta,saanvi.gupta733@example.com
39,43,Avni Sharma,avni.sharma296@example.com
40,38,Sara Chopra,sara.chopra800@example.com
41,82,Diya Gupta,diya.gupta17@example.com
42,31,Aarohi Verma,aarohi.verma229@example.com
43,89,Myra Rajput,myra.rajput829@example.com
44,100,Ananya Khan,ananya.khan272@example.com
45,73,Vivaan Yadav,vivaan.yadav27@example.com
46,37,Isha Rajput,isha.rajput561@example.com
47,76,Aadhya Patel,aadhya.patel668@example.com
48,64,Krishna Verma,krishna.verma553@example.com
49,65,Pari Khan,pari.khan133@example.com
50,79,Avni Yadav,avni.yadav25@example.com
51,33,Rohan Sharma,rohan.sharma495@example.com
52,31,Myra Khan,myra.khan667@example.com
53,35,Vivaan Verma,vivaan.verma639@example.com
54,83,Arjun Verma,arjun.verma833@example.com
55,33,Sai Sharma,sai.sharma851@example.com
56,83,Saanvi Sharma,saanvi.sharma136@example.com
57,92,Sai Verma,sai.verma473@example.com
58,47,Myra Patel,myra.patel728@example.com
59,73,Avni Rajput,avni.rajput701@example.com
60,63,Vihaan Verma,vihaan.verma359@example.com
61,91,Avni Patel,avni.patel639@example.com
62,43,Pari Sharma,pari.sharma457@example.com
63,77,Myra Gupta,myra.gupta600@example.com
64,44,Aditya Khan,aditya.khan846@example.com
65,91,Sai Mehta,sai.mehta114@example.com
66,69,Avni Khan,avni.khan708@example.com
67,82,Arjun Mehta,arjun.mehta483@example.com
68,53,Ananya Yadav,ananya.yadav971@example.com
69,55,Ishaan Gupta,ishaan.gupta518@example.com
70,89,Aadhya Reddy,aadhya.reddy705@example.com
71,70,Isha Rajput,isha.rajput58@example.com
72,58,Krishna Verma,krishna.verma473@example.com
73,44,Riya Mehta,riya.mehta380@example.com
74,74,Ishaan Mehta,ishaan.mehta183@example.com
75,94,Saanvi Rajput,saanvi.rajput824@example.com
76,100,Aarav Sharma,aarav.sharma552@example.com
77,38,Arjun Chopra,arjun.chopra834@example.com
78,30,Aditya Chopra,aditya.chopra613@example.com
79,37,Isha Chopra,isha.chopra254@example.com
80,92,Rohan Verma,rohan.verma848@example.com
81,40,Krishna Chopra,krishna.chopra403@example.com
82,37,Saanvi Rajput,saanvi.rajput556@example.com
83,64,Avni Reddy,avni.reddy750@example.com
84,64,Aditya Mehta,aditya.mehta988@example.com
85,62,Krishna Reddy,krishna.reddy754@example.com
86,34,Saanvi Khan,saanvi.khan295@example.com
87,70,Myra Mehta,myra.mehta936@example.com
88,57,Aarohi Rajput,aarohi.rajput645@example.com
89,36,Aadhya Mehta,aadhya.mehta888@example.com
90,41,Sara Chopra,sara.chopra644@example.com
91,63,Sai Rajput,sai.rajput563@example.com
92,62,Riya Gupta,riya.gupta487@example.com
93,77,Aarohi Yadav,aarohi.yadav921@example.com
94,52,Saanvi Rajput,saanvi.rajput113@example.com
95,91,Diya Khan,diya.khan67@example.com
96,66,Aarohi Sharma,aarohi.sharma946@example.com
97,73,Riya Mehta,riya.mehta659@example.com
98,64,Rohan Yadav,rohan.yadav141@example.com
99,94,Riya Gupta,riya.gupta329@example.com
100,76,Myra Sharma,myra.sharma642@example.com
101,32,Aarohi Verma,aarohi.verma815@example.com
102,30,Avni Yadav,avni.yadav790@example.com
103,34,Aarav Yadav,aarav.yadav81@example.com
104,43,Rohan Chopra,rohan.chopra432@example.com
105,56,Vivaan Reddy,vivaan.reddy592@example.com
106,38,Sai Gupta,sai.gupta656@example.com
107,44,Sara Yadav,sara.yadav777@example.com
108,71,Vivaan Patel,vivaan.patel770@example.com
109,80,Sai Khan,sai.khan402@example.com
110,92,Saanvi Rajput,saanvi.rajput489@example.com
111,81,Saanvi Khan,saanvi.khan974@example.com
112,33,Vihaan Patel,vihaan.patel994@example.com
113,52,Avni Mehta,avni.mehta995@example.com
114,44,Aadhya Sharma,aadhya.sharma157@example.com
115,72,Pari Sharma,pari.sharma684@example.com
116,58,Vivaan Patel,vivaan.patel78@example.com
117,65,Vivaan Patel,vivaan.patel290@example.com
118,42,Sai Patel,sai.patel852@example.com
119,61,Aditya Chopra,aditya.chopra179@example.com
120,100,Diya Sharma,diya.sharma113@example.com
121,88,Sara Khan,sara.khan543@example.com
122,57,Aditya Reddy,aditya.reddy762@example.com
123,95,Vivaan Chopra,vivaan.chopra395@example.com
124,71,Aditya Khan,aditya.khan766@example.com
125,74,Avni Verma,avni.verma940@example.com
126,91,Aarav Patel,aarav.patel105@example.com
127,86,Myra Mehta,myra.mehta523@example.com
128,35,Arjun Khan,arjun.khan472@example.com
129,57,Riya Verma,riya.verma552@example.com
130,57,Isha Sharma,isha.sharma257@example.com
131,73,Rohan Patel,rohan.patel315@example.com
132,59,Rohan Sharma,rohan.sharma579@example.com
133,91,Rohan Mehta,rohan.mehta514@example.com
134,91,Diya Mehta,diya.mehta55@example.com
135,30,Sai Mehta,sai.mehta955@example.com
136,56,Ishaan Verma,ishaan.verma972@example.com
137,91,Aadhya Mehta,aadhya.mehta826@example.com
138,32,Isha Sharma,isha.sharma832@example.com
139,99,Aadhya Rajput,aadhya.rajput9@example.com
140,56,Riya Yadav,riya.yadav504@example.com
141,38,Sai Gupta,sai.gupta992@example.com
142,91,Avni Patel,avni.patel178@example.com
143,66,Sai Mehta,sai.mehta64@example.com
144,80,Rohan Patel,rohan.patel770@example.com
145,73,Saanvi Chopra,saanvi.chopra874@example.com
146,53,Aadhya Yadav,aadhya.yadav103@example.com
147,88,Aditya Mehta,aditya.mehta546@example.com
148,61,Aarav Verma,aarav.verma424@example.com
149,81,Riya Sharma,riya.sharma697@example.com
150,91,Aadhya Rajput,aadhya.rajput888@example.com
151,87,Sai Patel,sai.patel280@example.com
152,81,Sai Chopra,sai.chopra79@example.com
153,41,Aditya Mehta,aditya.mehta821@example.com
154,68,Sara Yadav,sara.yadav894@example.com
155,31,Arjun Verma,arjun.verma20@example.com
156,32,Ishaan Reddy,ishaan.reddy526@example.com
157,85,Avni Reddy,avni.reddy362@example.com
158,88,Rohan Gupta,rohan.gupta701@example.com
159,31,Krishna Chopra,krishna.chopra898@example.com
160,31,Aarohi Khan,aarohi.khan533@example.com
161,83,Aadhya Reddy,aadhya.reddy820@example.com
162,30,Ananya Mehta,ananya.mehta571@example.com
163,48,Rohan Chopra,rohan.chopra706@example.com
164,31,Krishna Yadav,krishna.yadav87@example.com
165,82,Saanvi Patel,saanvi.patel714@example.com
166,73,Isha Verma,isha.verma893@example.com
167,61,Isha Rajput,isha.rajput641@example.com
168,99,Isha Patel,isha.patel337@example.com
169,61,Krishna Gupta,krishna.gupta405@example.com
170,97,Aadhya Mehta,aadhya.mehta875@example.com
171,84,Riya Sharma,riya.sharma598@example.com
172,85,Aadhya Mehta,aadhya.mehta489@example.com
173,46,Aditya Sharma,aditya.sharma755@example.com
174,67,Myra Mehta,myra.mehta336@example.com
175,53,Pari Verma,pari.verma228@example.com
176,98,Ishaan Chopra,ishaan.chopra609@example.com
177,99,Ishaan Mehta,ishaan.mehta722@example.com
178,40,Aarav Gupta,aarav.gupta140@example.com
179,45,Ananya Sharma,ananya.sharma480@example.com
180,88,Avni Reddy,avni.reddy262@example.com
181,99,Myra Sharma,myra.sharma310@example.com
182,32,Saanvi Mehta,saanvi.mehta270@example.com
183,49,Aditya Sharma,aditya.sharma282@example.com
184,88,Krishna Sharma,krishna.sharma954@example.com
185,65,Saanvi Chopra,saanvi.chopra663@example.com
186,48,Aadhya Yadav,aadhya.yadav177@example.com
187,96,Myra Gupta,myra.gupta71@example.com
188,48,Sai Chopra,sai.chopra655@example.com
189,49,Diya Mehta,diya.mehta862@example.com
190,100,Sara Reddy,sara.reddy80@example.com
191,81,Vivaan Gupta,vivaan.gupta983@example.com
192,62,Ananya Yadav,ananya.yadav598@example.com
193,69,Pari Khan,pari.khan715@example.com
194,68,Riya Yadav,riya.yadav313@example.com
195,30,Ishaan Gupta,ishaan.gupta812@example.com
196,40,Vihaan Verma,vihaan.verma561@example.com
197,86,Aarohi Mehta,aarohi.mehta132@example.com
198,79,Isha Mehta,isha.mehta841@example.com
199,52,Riya Rajput,riya.rajput736@example.com
200,60,Diya Chopra,diya.chopra277@example.com
201,71,Vivaan Verma,vivaan.verma824@example.com
202,36,Pari Mehta,pari.mehta147@example.com
203,45,Aarohi Gupta,aarohi.gupta245@example.com
204,89,Avni Sharma,avni.sharma431@example.com
205,31,Myra Rajput,myra.rajput595@example.com
206,30,Krishna Khan,krishna.khan173@example.com
207,77,Rohan Rajput,rohan.rajput966@example.com
208,41,Avni Khan,avni.khan964@example.com
209,98,Vivaan Reddy,vivaan.reddy126@example.com
210,66,Ananya Khan,ananya.khan607@example.com
211,61,Vivaan Rajput,vivaan.rajput588@example.com
212,38,Aadhya Verma,aadhya.verma117@example.com
213,48,Krishna Reddy,krishna.reddy315@example.com
214,77,Ananya Yadav,ananya.yadav465@example.com
215,32,Aarohi Patel,aarohi.patel45@example.com
216,49,Aditya Rajput,aditya.rajput416@example.com
217,53,Aadhya Yadav,aadhya.yadav672@example.com
218,83,Ishaan Khan,ishaan.khan912@example.com
219,62,Vivaan Chopra,vivaan.chopra80@example.com
220,53,Pari Mehta,pari.mehta403@example.com
221,65,Myra Reddy,myra.reddy427@example.com
222,67,Aadhya Mehta,aadhya.mehta9@example.com
223,54,Diya Khan,diya.khan436@example.com
224,47,Arjun Sharma,arjun.sharma294@example.com
225,95,Aarohi Patel,aarohi.patel244@example.com
226,83,Vivaan Mehta,vivaan.mehta114@example.com
227,64,Aditya Gupta,aditya.gupta65@example.com
228,90,Aarohi Patel,aarohi.patel467@example.com
229,70,Vihaan Patel,vihaan.patel803@example.com
230,62,Aditya Sharma,aditya.sharma171@example.com
231,97,Saanvi Chopra,saanvi.chopra466@example.com
232,62,Isha Patel,isha.patel780@example.com
233,43,Myra Yadav,myra.yadav143@example.com
234,50,Myra Mehta,myra.mehta966@example.com
235,77,Isha Gupta,isha.gupta242@example.com
236,49,Aadhya Gupta,aadhya.gupta544@example.com
237,37,Myra Patel,myra.patel717@example.com
238,36,Arjun Verma,arjun.verma70@example.com
239,96,Aarohi Mehta,aarohi.mehta341@example.com
240,46,Isha Verma,isha.verma846@example.com
241,62,Aarav Reddy,aarav.reddy650@example.com
242,77,Aditya Gupta,aditya.gupta473@example.com
243,88,Pari Verma,pari.verma62@example.com
244,51,Krishna Chopra,krishna.chopra961@example.com
245,59,Ishaan Patel,ishaan.patel348@example.com
246,67,Aarav Gupta,aarav.gupta907@example.com
247,80,Avni Yadav,avni.yadav309@example.com
248,83,Vihaan Yadav,vihaan.yadav934@example.com
249,37,Saanvi Yadav,saanvi.yadav361@example.com
250,56,Riya Gupta,riya.gupta933@example.com
251,56,Vihaan Rajput,vihaan.rajput875@example.com
252,50,Saanvi Yadav,saanvi.yadav941@example.com
253,59,Saanvi Verma,saanvi.verma644@example.com
254,57,Pari Mehta,pari.mehta358@example.com
255,93,Vivaan Rajput,vivaan.rajput659@example.com
256,98,Riya Mehta,riya.mehta667@example.com
257,90,Aarav Sharma,aarav.sharma294@example.com
258,77,Rohan Gupta,rohan.gupta54@example.com
259,48,Arjun Verma,arjun.verma712@example.com
260,33,Ishaan Yadav,ishaan.yadav849@example.com
261,64,Rohan Yadav,rohan.yadav119@example.com
262,93,Saanvi Reddy,saanvi.reddy62@example.com
263,78,Aarav Reddy,aarav.reddy560@example.com
264,46,Myra Sharma,myra.sharma86@example.com
265,73,Avni Khan,avni.khan458@example.com
266,59,Diya Gupta,diya.gupta19@example.com
267,75,Avni Yadav,avni.yadav633@example.com
268,35,Saanvi Rajput,saanvi.rajput443@example.com
269,66,Vivaan Rajput,vivaan.rajput522@example.com
270,53,Sai Yadav,sai.yadav176@example.com
271,75,Ishaan Gupta,ishaan.gupta570@example.com
272,82,Myra Khan,myra.khan866@example.com
273,89,Ishaan Rajput,ishaan.rajput452@example.com
274,92,Aadhya Khan,aadhya.khan952@example.com
275,61,Aditya Patel,aditya.patel440@example.com
276,62,Arjun Verma,arjun.verma910@example.com
277,96,Isha Verma,isha.verma302@example.com
278,47,Avni Yadav,avni.yadav60@example.com
279,54,Aadhya Chopra,aadhya.chopra898@example.com
280,83,Aditya Sharma,aditya.sharma790@example.com
281,87,Diya Sharma,diya.sharma446@example.com
282,96,Ananya Gupta,ananya.gupta540@example.com
283,75,Arjun Yadav,arjun.yadav706@example.com
284,53,Ananya Sharma,ananya.sharma312@example.com
285,61,Krishna Chopra,krishna.chopra670@example.com
286,76,Ishaan Mehta,ishaan.mehta994@example.com
287,52,Krishna Chopra,krishna.chopra588@example.com
288,95,Ananya Verma,ananya.verma384@example.com
289,56,Avni Rajput,avni.rajput925@example.com
290,31,Sara Sharma,sara.sharma852@example.com
291,46,Avni Gupta,avni.gupta687@example.com
292,62,Krishna Mehta,krishna.mehta431@example.com
293,38,Pari Mehta,pari.mehta609@example.com
294,72,Diya Chopra,diya.chopra688@example.com
295,77,Riya Reddy,riya.reddy598@example.com
296,68,Myra Mehta,myra.mehta919@example.com
297,71,Aarohi Patel,aarohi.patel820@example.com
298,55,Ishaan Mehta,ishaan.mehta967@example.com
299,79,Arjun Mehta,arjun.mehta665@example.com
300,54,Diya Chopra,diya.chopra191@example.com
301,53,Pari Reddy,pari.reddy672@example.com
302,42,Vivaan Mehta,vivaan.mehta624@example.com
303,89,Pari Verma,pari.verma969@example.com
304,36,Diya Sharma,diya.sharma879@example.com
305,86,Riya Yadav,riya.yadav573@example.com
306,65,Riya Sharma,riya.sharma633@example.com
307,74,Ishaan Gupta,ishaan.gupta940@example.com
308,49,Sai Rajput,sai.rajput278@example.com
309,94,Isha Yadav,isha.yadav348@example.com
310,37,Aditya Rajput,aditya.rajput944@example.com
311,45,Isha Yadav,isha.yadav114@example.com
312,43,Sai Verma,sai.verma517@example.com
313,44,Rohan Khan,rohan.khan408@example.com
314,95,Sai Chopra,sai.chopra334@example.com
315,61,Vihaan Patel,vihaan.patel623@example.com
316,92,Saanvi Rajput,saanvi.rajput116@example.com
317,80,Rohan Mehta,rohan.mehta868@example.com
318,54,Pari Yadav,pari.yadav318@example.com
319,87,Saanvi Rajput,saanvi.rajput711@example.com
320,92,Avni Reddy,avni.reddy976@example.com
321,91,Avni Khan,avni.khan230@example.com
322,51,Avni Yadav,avni.yadav50@example.com
323,87,Diya Gupta,diya.gupta972@example.com
324,87,Isha Chopra,isha.chopra277@example.com
325,78,Sara Yadav,sara.yadav601@example.com
326,81,Myra Gupta,myra.gupta324@example.com
327,71,Aadhya Chopra,aadhya.chopra1@example.com
328,99,Ishaan Rajput,ishaan.rajput538@example.com
329,44,Ananya Verma,ananya.verma811@example.com
330,83,Riya Sharma,riya.sharma351@example.com
331,89,Riya Reddy,riya.reddy787@example.com
332,37,Ishaan Khan,ishaan.khan69@example.com
333,82,Aarav Patel,aarav.patel33@example.com
334,89,Ananya Rajput,ananya.rajput47@example.com
335,34,Isha Rajput,isha.rajput56@example.com
336,97,Isha Mehta,isha.mehta850@example.com
337,35,Sai Rajput,sai.rajput868@example.com
338,76,Saanvi Verma,saanvi.verma581@example.com
339,84,Pari Verma,pari.verma22@example.com
340,69,Saanvi Rajput,saanvi.rajput754@example.com
341,81,Aditya Gupta,aditya.gupta617@example.com
342,45,Aditya Verma,aditya.verma249@example.com
343,42,Aarohi Chopra,aarohi.chopra835@example.com
344,59,Krishna Reddy,krishna.reddy23@example.com
345,48,Rohan Yadav,rohan.yadav313@example.com
346,46,Ishaan Yadav,ishaan.yadav24@example.com
347,92,Isha Gupta,isha.gupta385@example.com
348,48,Saanvi Yadav,saanvi.yadav831@example.com
349,87,Myra Verma,myra.verma600@example.com
350,84,Saanvi Patel,saanvi.patel262@example.com
351,91,Aadhya Gupta,aadhya.gupta612@example.com
352,52,Vivaan Sharma,vivaan.sharma516@example.com
353,38,Riya Patel,riya.patel685@example.com
354,41,Aditya Khan,aditya.khan534@example.com
355,30,Pari Reddy,pari.reddy595@example.com
356,87,Sai Sharma,sai.sharma111@example.com
357,30,Arjun Chopra,arjun.chopra335@example.com
358,63,Arjun Khan,arjun.khan437@example.com
359,77,Aadhya Khan,aadhya.khan207@example.com
360,30,Avni Yadav,avni.yadav17@example.com
361,45,Myra Yadav,myra.yadav56@example.com
362,90,Ishaan Gupta,ishaan.gupta450@example.com
363,93,Vihaan Gupta,vihaan.gupta498@example.com
364,92,Ishaan Khan,ishaan.khan624@example.com
365,98,Ishaan Rajput,ishaan.rajput549@example.com
366,51,Arjun Rajput,arjun.rajput862@example.com
367,96,Aditya Verma,aditya.verma578@example.com
368,55,Pari Verma,pari.verma437@example.com
369,45,Avni Reddy,avni.reddy431@example.com
370,80,Riya Khan,riya.khan153@example.com
371,86,Sai Yadav,sai.yadav868@example.com
372,58,Isha Patel,isha.patel150@example.com
373,98,Aarohi Mehta,aarohi.mehta963@example.com
374,76,Ananya Verma,ananya.verma133@example.com
375,91,Sai Khan,sai.khan401@example.com
376,98,Vihaan Gupta,vihaan.gupta130@example.com
377,45,Rohan Khan,rohan.khan562@example.com
378,77,Saanvi Yadav,saanvi.yadav733@example.com
379,68,Pari Verma,pari.verma873@example.com
380,62,Vihaan Sharma,vihaan.sharma763@example.com
381,52,Pari Sharma,pari.sharma85@example.com
382,39,Isha Rajput,isha.rajput25@example.com
383,98,Ishaan Gupta,ishaan.gupta520@example.com
384,63,Diya Patel,diya.patel510@example.com
385,81,Aditya Rajput,aditya.rajput660@example.com
386,39,Isha Reddy,isha.reddy29@example.com
387,48,Saanvi Patel,saanvi.patel581@example.com
388,87,Sai Rajput,sai.rajput87@example.com
389,30,Vivaan Rajput,vivaan.rajput625@example.com
390,98,Avni Patel,avni.patel937@example.com
391,33,Ishaan Khan,ishaan.khan598@example.com
392,45,Aarav Patel,aarav.patel480@example.com
393,53,Diya Khan,diya.khan418@example.com
394,31,Avni Verma,avni.verma904@example.com
395,61,Ananya Gupta,ananya.gupta831@example.com
396,53,Sara Verma,sara.verma253@example.com
397,41,Riya Reddy,riya.reddy937@example.com
398,79,Sara Rajput,sara.rajput569@example.com
399,64,Myra Gupta,myra.gupta385@example.com
400,62,Aadhya Reddy,aadhya.reddy457@example.com
401,62,Diya Gupta,diya.gupta843@example.com
402,90,Ishaan Khan,ishaan.khan741@example.com
403,80,Aarav Yadav,aarav.yadav926@example.com
404,72,Krishna Gupta,krishna.gupta125@example.com
405,41,Pari Yadav,pari.yadav942@example.com
406,96,Aarav Chopra,aarav.chopra670@example.com
407,94,Diya Yadav,diya.yadav102@example.com
408,62,Saanvi Patel,saanvi.patel784@example.com
409,69,Diya Sharma,diya.sharma558@example.com
410,72,Aadhya Chopra,aadhya.chopra33@example.com
411,73,Ishaan Chopra,ishaan.chopra8@example.com
412,58,Avni Reddy,avni.reddy394@example.com
413,42,Riya Reddy,riya.reddy512@example.com
414,41,Aditya Gupta,aditya.gupta43@example.com
415,75,Vihaan Khan,vihaan.khan418@example.com
416,31,Arjun Rajput,arjun.rajput350@example.com
417,64,Aadhya Patel,aadhya.patel973@example.com
418,37,Aarav Mehta,aarav.mehta772@example.com
419,55,Sara Gupta,sara.gupta870@example.com
420,63,Isha Reddy,isha.reddy141@example.com
421,36,Vihaan Sharma,vihaan.sharma211@example.com
422,97,Aadhya Sharma,aadhya.sharma129@example.com
423,87,Arjun Verma,arjun.verma196@example.com
424,58,Rohan Sharma,rohan.sharma696@example.com
425,65,Rohan Rajput,rohan.rajput552@example.com
426,50,Sai Mehta,sai.mehta71@example.com
427,65,Aarohi Reddy,aarohi.reddy67@example.com
428,39,Aarav Khan,aarav.khan16@example.com
429,53,Ishaan Mehta,ishaan.mehta866@example.com
430,93,Aditya Yadav,aditya.yadav793@example.com
431,78,Ananya Rajput,ananya.rajput646@example.com
432,65,Myra Sharma,myra.sharma930@example.com
433,53,Sara Rajput,sara.rajput63@example.com
434,52,Ishaan Rajput,ishaan.rajput668@example.com
435,91,Myra Patel,myra.patel52@example.com
436,66,Ishaan Verma,ishaan.verma646@example.com
437,41,Riya Rajput,riya.rajput836@example.com
438,84,Vivaan Mehta,vivaan.mehta16@example.com
439,42,Isha Patel,isha.patel67@example.com
440,52,Diya Verma,diya.verma799@example.com
441,59,Aadhya Chopra,aadhya.chopra294@example.com
442,46,Ishaan Reddy,ishaan.reddy829@example.com
443,91,Saanvi Gupta,saanvi.gupta13@example.com
444,42,Vivaan Sharma,vivaan.sharma721@example.com
445,88,Sara Chopra,sara.chopra482@example.com
446,48,Aadhya Khan,aadhya.khan265@example.com
447,78,Avni Patel,avni.patel706@example.com
448,41,Vihaan Rajput,vihaan.rajput740@example.com
449,90,Sai Sharma,sai.sharma773@example.com
450,48,Aadhya Gupta,aadhya.gupta143@example.com
451,38,Krishna Rajput,krishna.rajput277@example.com
452,100,Riya Khan,riya.khan197@example.com
453,57,Avni Patel,avni.patel919@example.com
454,81,Ishaan Gupta,ishaan.gupta942@example.com
455,45,Vivaan Rajput,vivaan.rajput511@example.com
456,98,Rohan Mehta,rohan.mehta311@example.com
457,41,Aarohi Gupta,aarohi.gupta984@example.com
458,54,Aarav Reddy,aarav.reddy112@example.com
459,81,Ishaan Chopra,ishaan.chopra479@example.com
460,82,Aadhya Yadav,aadhya.yadav671@example.com
461,52,Ananya Gupta,ananya.gupta75@example.com
462,45,Arjun Chopra,arjun.chopra125@example.com
463,86,Vihaan Mehta,vihaan.mehta172@example.com
464,68,Aditya Rajput,aditya.rajput227@example.com
465,82,Avni Patel,avni.patel906@example.com
466,71,Myra Reddy,myra.reddy38@example.com
467,87,Aditya Mehta,aditya.mehta544@example.com
468,68,Vivaan Chopra,vivaan.chopra169@example.com
469,43,Isha Yadav,isha.yadav979@example.com
470,34,Aarohi Mehta,aarohi.mehta550@example.com
471,64,Vihaan Sharma,vihaan.sharma688@example.com
472,47,Ishaan Sharma,ishaan.sharma437@example.com
473,38,Arjun Mehta,arjun.mehta782@example.com
474,87,Vivaan Sharma,vivaan.sharma454@example.com
475,46,Vivaan Reddy,vivaan.reddy265@example.com
476,36,Riya Chopra,riya.chopra641@example.com
477,75,Pari Yadav,pari.yadav423@example.com
478,42,Krishna Verma,krishna.verma747@example.com
479,69,Sara Rajput,sara.rajput899@example.com
480,71,Isha Gupta,isha.gupta425@example.com
481,38,Aarohi Patel,aarohi.patel804@example.com
482,79,Myra Reddy,myra.reddy995@example.com
483,56,Vivaan Yadav,vivaan.yadav199@example.com
484,95,Riya Chopra,riya.chopra344@example.com
485,34,Saanvi Verma,saanvi.verma441@example.com
486,58,Vivaan Rajput,vivaan.rajput818@example.com
487,66,Avni Rajput,avni.rajput954@example.com
488,67,Vivaan Verma,vivaan.verma986@example.com
489,37,Aadhya Yadav,aadhya.yadav909@example.com
490,94,Aadhya Yadav,aadhya.yadav284@example.com
491,46,Avni Rajput,avni.rajput931@example.com
492,100,Arjun Rajput,arjun.rajput118@example.com
493,74,Rohan Chopra,rohan.chopra334@example.com
494,33,Sai Chopra,sai.chopra645@example.com
495,65,Ananya Verma,ananya.verma697@example.com
496,99,Sara Rajput,sara.rajput181@example.com
497,60,Sara Yadav,sara.yadav508@example.com
498,48,Myra Patel,myra.patel921@example.com
499,90,Avni Sharma,avni.sharma839@example.com
500,83,Aditya Sharma,aditya.sharma546@example.com
501,68,Rohan Mehta,rohan.mehta448@example.com
502,48,Vihaan Verma,vihaan.verma604@example.com
503,68,Ananya Sharma,ananya.sharma572@example.com
504,96,Aarav Sharma,aarav.sharma785@example.com
505,74,Aarohi Mehta,aarohi.mehta293@example.com
506,42,Sai Gupta,sai.gupta724@example.com
507,87,Rohan Khan,rohan.khan919@example.com
508,49,Aadhya Mehta,aadhya.mehta300@example.com
509,90,Aarav Gupta,aarav.gupta823@example.com
510,68,Isha Rajput,isha.rajput51@example.com
511,30,Avni Verma,avni.verma452@example.com
512,32,Rohan Reddy,rohan.reddy330@example.com
513,91,Arjun Rajput,arjun.rajput384@example.com
514,92,Sai Khan,sai.khan619@example.com
515,54,Avni Mehta,avni.mehta853@example.com
516,85,Isha Mehta,isha.mehta840@example.com
517,62,Vihaan Yadav,vihaan.yadav68@example.com
518,67,Ishaan Yadav,ishaan.yadav844@example.com
519,35,Myra Rajput,myra.rajput85@example.com
520,87,Isha Mehta,isha.mehta561@example.com
521,73,Diya Mehta,diya.mehta493@example.com
522,74,Aarav Verma,aarav.verma160@example.com
523,61,Avni Chopra,avni.chopra9@example.com
524,74,Sara Rajput,sara.rajput405@example.com
525,90,Aditya Rajput,aditya.rajput421@example.com
526,76,Arjun Khan,arjun.khan990@example.com
527,50,Arjun Reddy,arjun.reddy162@example.com
528,65,Aadhya Reddy,aadhya.reddy136@example.com
529,48,Sai Patel,sai.patel525@example.com
530,49,Sara Reddy,sara.reddy803@example.com
531,86,Ishaan Sharma,ishaan.sharma90@example.com
532,47,Sai Mehta,sai.mehta265@example.com
533,76,Arjun Yadav,arjun.yadav901@example.com
534,78,Sara Rajput,sara.rajput837@example.com
535,43,Aadhya Khan,aadhya.khan227@example.com
536,44,Ishaan Sharma,ishaan.sharma670@example.com
537,60,Arjun Rajput,arjun.rajput927@example.com
538,30,Sai Patel,sai.patel902@example.com
539,83,Diya Patel,diya.patel888@example.com
540,32,Sara Rajput,sara.rajput140@example.com
541,45,Krishna Yadav,krishna.yadav660@example.com
542,86,Rohan Verma,rohan.verma283@example.com
543,41,Avni Sharma,avni.sharma457@example.com
544,45,Krishna Mehta,krishna.mehta602@example.com
545,53,Vihaan Patel,vihaan.patel893@example.com
546,57,Avni Sharma,avni.sharma175@example.com
547,37,Ananya Sharma,ananya.sharma763@example.com
548,65,Avni Sharma,avni.sharma781@example.com
549,37,Ishaan Verma,ishaan.verma559@example.com
550,87,Avni Gupta,avni.gupta847@example.com
551,89,Arjun Patel,arjun.patel576@example.com
552,79,Aarohi Rajput,aarohi.rajput519@example.com
553,57,Avni Mehta,avni.mehta660@example.com
554,70,Rohan Verma,rohan.verma22@example.com
555,93,Vivaan Yadav,vivaan.yadav109@example.com
556,56,Ananya Patel,ananya.patel122@example.com
557,92,Arjun Reddy,arjun.reddy349@example.com
558,46,Myra Reddy,myra.reddy738@example.com
559,62,Sai Rajput,sai.rajput55@example.com
560,58,Sai Khan,sai.khan343@example.com
561,42,Pari Verma,pari.verma443@example.com
562,75,Vihaan Reddy,vihaan.reddy722@example.com
563,64,Aarohi Reddy,aarohi.reddy657@example.com
564,35,Aditya Sharma,aditya.sharma842@example.com
565,98,Arjun Mehta,arjun.mehta124@example.com
566,76,Aarav Gupta,aarav.gupta86@example.com
567,54,Rohan Chopra,rohan.chopra159@example.com
568,95,Sai Gupta,sai.gupta301@example.com
569,39,Avni Rajput,avni.rajput484@example.com
570,85,Ananya Khan,ananya.khan190@example.com
571,59,Myra Verma,myra.verma440@example.com
572,34,Diya Yadav,diya.yadav523@example.com
573,62,Riya Rajput,riya.rajput488@example.com
574,94,Krishna Mehta,krishna.mehta957@example.com
575,47,Arjun Chopra,arjun.chopra226@example.com
576,78,Krishna Gupta,krishna.gupta453@example.com
577,40,Saanvi Khan,saanvi.khan372@example.com
578,55,Aditya Patel,aditya.patel63@example.com
579,92,Rohan Rajput,rohan.rajput841@example.com
580,88,Arjun Sharma,arjun.sharma749@example.com
581,56,Avni Verma,avni.verma879@example.com
582,78,Aditya Khan,aditya.khan630@example.com
583,62,Isha Yadav,isha.yadav331@example.com
584,30,Pari Khan,pari.khan842@example.com
585,50,Aditya Khan,aditya.khan747@example.com
586,84,Sara Yadav,sara.yadav473@example.com
587,35,Myra Sharma,myra.sharma288@example.com
588,98,Diya Khan,diya.khan811@example.com
589,34,Avni Chopra,avni.chopra774@example.com
590,32,Sara Gupta,sara.gupta903@example.com
591,82,Aditya Sharma,aditya.sharma936@example.com
592,52,Vihaan Mehta,vihaan.mehta286@example.com
593,82,Aadhya Yadav,aadhya.yadav884@example.com
594,66,Arjun Sharma,arjun.sharma71@example.com
595,46,Avni Gupta,avni.gupta53@example.com
596,30,Sai Verma,sai.verma966@example.com
597,80,Aarav Verma,aarav.verma297@example.com
598,74,Rohan Reddy,rohan.reddy675@example.com
599,33,Rohan Reddy,rohan.reddy368@example.com
600,91,Krishna Sharma,krishna.sharma621@example.com
601,94,Sai Khan,sai.khan871@example.com
602,61,Myra Patel,myra.patel191@example.com
603,63,Sai Khan,sai.khan840@example.com
604,68,Krishna Patel,krishna.patel194@example.com
605,55,Sara Verma,sara.verma734@example.com
606,63,Vivaan Khan,vivaan.khan950@example.com
607,83,Vihaan Sharma,vihaan.sharma328@example.com
608,32,Ananya Patel,ananya.patel32@example.com
609,79,Sai Yadav,sai.yadav14@example.com
610,41,Sai Rajput,sai.rajput104@example.com
611,94,Sai Patel,sai.patel959@example.com
612,83,Sai Patel,sai.patel558@example.com
613,34,Diya Sharma,diya.sharma617@example.com
614,86,Sai Sharma,sai.sharma966@example.com
615,46,Arjun Verma,arjun.verma927@example.com
616,76,Krishna Verma,krishna.verma380@example.com
617,52,Ananya Chopra,ananya.chopra570@example.com
618,43,Avni Verma,avni.verma521@example.com
619,95,Sai Rajput,sai.rajput160@example.com
620,80,Myra Chopra,myra.chopra377@example.com
621,67,Vihaan Reddy,vihaan.reddy737@example.com
622,93,Aditya Reddy,aditya.reddy144@example.com
623,67,Sara Patel,sara.patel893@example.com
624,79,Diya Reddy,diya.reddy891@example.com
625,59,Diya Gupta,diya.gupta378@example.com
626,80,Ananya Yadav,ananya.yadav246@example.com
627,92,Krishna Verma,krishna.verma892@example.com
628,81,Vivaan Yadav,vivaan.yadav420@example.com
629,67,Isha Reddy,isha.reddy232@example.com
630,59,Aditya Sharma,aditya.sharma769@example.com
631,80,Aarav Khan,aarav.khan594@example.com
632,34,Pari Mehta,pari.mehta907@example.com
633,58,Vihaan Rajput,vihaan.rajput566@example.com
634,33,Pari Chopra,pari.chopra595@example.com
635,39,Myra Mehta,myra.mehta528@example.com
636,85,Aarav Patel,aarav.patel593@example.com
637,46,Myra Chopra,myra.chopra186@example.com
638,46,Avni Khan,avni.khan25@example.com
639,98,Sara Mehta,sara.mehta394@example.com
640,63,Vivaan Yadav,vivaan.yadav176@example.com
641,35,Pari Yadav,pari.yadav110@example.com
642,82,Vivaan Reddy,vivaan.reddy53@example.com
643,95,Riya Mehta,riya.mehta548@example.com
644,72,Saanvi Rajput,saanvi.rajput90@example.com
645,52,Riya Gupta,riya.gupta974@example.com
646,84,Aadhya Reddy,aadhya.reddy845@example.com
647,45,Myra Reddy,myra.reddy5@example.com
648,37,Krishna Reddy,krishna.reddy192@example.com
649,33,Aarohi Sharma,aarohi.sharma935@example.com
650,33,Ishaan Rajput,ishaan.rajput774@example.com
651,85,Rohan Chopra,rohan.chopra825@example.com
652,54,Aadhya Reddy,aadhya.reddy655@example.com
653,96,Vihaan Yadav,vihaan.yadav677@example.com
654,96,Riya Verma,riya.verma884@example.com
655,56,Aarav Gupta,aarav.gupta880@example.com
656,61,Aditya Rajput,aditya.rajput470@example.com
657,79,Aditya Verma,aditya.verma572@example.com
658,90,Krishna Verma,krishna.verma567@example.com
659,80,Vivaan Khan,vivaan.khan645@example.com
660,48,Pari Verma,pari.verma842@example.com
661,50,Aadhya Patel,aadhya.patel467@example.com
662,34,Vivaan Khan,vivaan.khan445@example.com
663,71,Avni Rajput,avni.rajput955@example.com
664,90,Rohan Chopra,rohan.chopra803@example.com
665,51,Avni Yadav,avni.yadav488@example.com
666,50,Aditya Gupta,aditya.gupta19@example.com
667,99,Arjun Patel,arjun.patel859@example.com
668,30,Saanvi Patel,saanvi.patel384@example.com
669,34,Aarav Chopra,aarav.chopra65@example.com
670,41,Riya Sharma,riya.sharma613@example.com
671,75,Sara Patel,sara.patel282@example.com
672,63,Aditya Verma,aditya.verma758@example.com
673,78,Rohan Patel,rohan.patel749@example.com
674,74,Avni Sharma,avni.sharma389@example.com
675,56,Avni Rajput,avni.rajput878@example.com
676,55,Pari Reddy,pari.reddy976@example.com
677,76,Sai Gupta,sai.gupta21@example.com
678,85,Rohan Khan,rohan.khan146@example.com
679,92,Ishaan Patel,ishaan.patel489@example.com
680,77,Aadhya Verma,aadhya.verma468@example.com
681,90,Aarav Reddy,aarav.reddy842@example.com
682,55,Isha Yadav,isha.yadav403@example.com
683,65,Vihaan Chopra,vihaan.chopra253@example.com
684,30,Aadhya Khan,aadhya.khan305@example.com
685,37,Avni Verma,avni.verma535@example.com
686,81,Riya Rajput,riya.rajput937@example.com
687,76,Rohan Khan,rohan.khan68@example.com
688,85,Rohan Patel,rohan.patel663@example.com
689,43,Sai Reddy,sai.reddy386@example.com
690,57,Ishaan Sharma,ishaan.sharma535@example.com
691,31,Vihaan Reddy,vihaan.reddy938@example.com
692,55,Riya Chopra,riya.chopra359@example.com
693,43,Vivaan Khan,vivaan.khan172@example.com
694,88,Myra Sharma,myra.sharma496@example.com
695,85,Saanvi Rajput,saanvi.rajput535@example.com
696,36,Krishna Chopra,krishna.chopra709@example.com
697,32,Aarav Yadav,aarav.yadav191@example.com
698,52,Avni Patel,avni.patel938@example.com
699,47,Pari Chopra,pari.chopra463@example.com
700,67,Pari Gupta,pari.gupta553@example.com
701,44,Aditya Chopra,aditya.chopra638@example.com
702,93,Saanvi Khan,saanvi.khan752@example.com
703,57,Isha Khan,isha.khan70@example.com
704,68,Aditya Reddy,aditya.reddy963@example.com
705,86,Arjun Gupta,arjun.gupta306@example.com
706,46,Sara Mehta,sara.mehta176@example.com
707,73,Sai Chopra,sai.chopra975@example.com
708,54,Diya Gupta,diya.gupta460@example.com
709,46,Riya Verma,riya.verma731@example.com
710,42,Riya Sharma,riya.sharma12@example.com
711,54,Avni Verma,avni.verma739@example.com
712,97,Riya Sharma,riya.sharma512@example.com
713,39,Sara Mehta,sara.mehta559@example.com
714,96,Avni Yadav,avni.yadav980@example.com
715,47,Aditya Verma,aditya.verma814@example.com
716,63,Aadhya Mehta,aadhya.mehta525@example.com
717,37,Myra Chopra,myra.chopra364@example.com
718,69,Aarohi Mehta,aarohi.mehta284@example.com
719,71,Pari Khan,pari.khan876@example.com
720,70,Myra Mehta,myra.mehta609@example.com
721,35,Myra Chopra,myra.chopra4@example.com
722,81,Aarohi Reddy,aarohi.reddy830@example.com
723,55,Ananya Khan,ananya.khan320@example.com
724,93,Aarohi Sharma,aarohi.sharma478@example.com
725,88,Aadhya Rajput,aadhya.rajput805@example.com
726,85,Vihaan Reddy,vihaan.reddy660@example.com
727,88,Vihaan Patel,vihaan.patel985@example.com
728,99,Krishna Gupta,krishna.gupta205@example.com
729,62,Ishaan Reddy,ishaan.reddy201@example.com
730,82,Sara Sharma,sara.sharma482@example.com
731,51,Rohan Verma,rohan.verma323@example.com
732,50,Krishna Gupta,krishna.gupta755@example.com
733,99,Sara Gupta,sara.gupta829@example.com
734,99,Riya Khan,riya.khan811@example.com
735,33,Ananya Rajput,ananya.rajput251@example.com
736,91,Vivaan Sharma,vivaan.sharma630@example.com
737,91,Saanvi Patel,saanvi.patel150@example.com
738,53,Vivaan Chopra,vivaan.chopra844@example.com
739,84,Avni Gupta,avni.gupta491@example.com
740,38,Ishaan Reddy,ishaan.reddy672@example.com
741,32,Isha Yadav,isha.yadav851@example.com
742,60,Rohan Patel,rohan.patel787@example.com
743,69,Sai Patel,sai.patel283@example.com
744,65,Aarav Sharma,aarav.sharma997@example.com
745,53,Arjun Chopra,arjun.chopra221@example.com
746,35,Aadhya Reddy,aadhya.reddy869@example.com
747,95,Vivaan Mehta,vivaan.mehta237@example.com
748,33,Aarav Patel,aarav.patel193@example.com
749,35,Aditya Yadav,aditya.yadav884@example.com
750,80,Rohan Sharma,rohan.sharma202@example.com
751,91,Saanvi Mehta,saanvi.mehta29@example.com
752,86,Arjun Verma,arjun.verma522@example.com
753,95,Saanvi Khan,saanvi.khan48@example.com
754,37,Diya Gupta,diya.gupta699@example.com
755,55,Aditya Khan,aditya.khan806@example.com
756,80,Arjun Yadav,arjun.yadav313@example.com
757,74,Aditya Sharma,aditya.sharma820@example.com
758,73,Krishna Gupta,krishna.gupta157@example.com
759,34,Sai Mehta,sai.mehta910@example.com
760,99,Pari Mehta,pari.mehta799@example.com
761,55,Avni Rajput,avni.rajput693@example.com
762,97,Sai Patel,sai.patel201@example.com
763,48,Vivaan Patel,vivaan.patel42@example.com
764,49,Aadhya Reddy,aadhya.reddy723@example.com
765,41,Aarohi Yadav,aarohi.yadav85@example.com
766,76,Aarohi Mehta,aarohi.mehta771@example.com
767,30,Aadhya Yadav,aadhya.yadav911@example.com
768,43,Avni Khan,avni.khan865@example.com
769,93,Ishaan Reddy,ishaan.reddy651@example.com
770,67,Aditya Verma,aditya.verma247@example.com
771,66,Ananya Khan,ananya.khan289@example.com
772,40,Sai Yadav,sai.yadav715@example.com
773,32,Avni Chopra,avni.chopra114@example.com
774,62,Ishaan Chopra,ishaan.chopra2@example.com
775,35,Ishaan Gupta,ishaan.gupta676@example.com
776,79,Sara Verma,sara.verma783@example.com
777,39,Myra Yadav,myra.yadav580@example.com
778,34,Avni Reddy,avni.reddy205@example.com
779,52,Krishna Khan,krishna.khan879@example.com
780,39,Sara Rajput,sara.rajput966@example.com
781,73,Myra Khan,myra.khan483@example.com
782,31,Aarohi Yadav,aarohi.yadav272@example.com
783,42,Avni Gupta,avni.gupta356@example.com
784,69,Diya Chopra,diya.chopra661@example.com
785,31,Rohan Reddy,rohan.reddy872@example.com
786,94,Diya Yadav,diya.yadav532@example.com
787,92,Krishna Reddy,krishna.reddy507@example.com
788,46,Aarav Rajput,aarav.rajput658@example.com
789,38,Saanvi Khan,saanvi.khan406@example.com
790,44,Myra Chopra,myra.chopra218@example.com
791,53,Aadhya Patel,aadhya.patel563@example.com
792,67,Avni Gupta,avni.gupta197@example.com
793,64,Vivaan Khan,vivaan.khan363@example.com
794,78,Ishaan Patel,ishaan.patel80@example.com
795,98,Vivaan Gupta,vivaan.gupta960@example.com
796,91,Riya Verma,riya.verma484@example.com
797,89,Aarohi Chopra,aarohi.chopra320@example.com
798,79,Aditya Sharma,aditya.sharma859@example.com
799,38,Pari Reddy,pari.reddy778@example.com
800,63,Riya Verma,riya.verma47@example.com
801,64,Sara Patel,sara.patel615@example.com
802,30,Sara Khan,sara.khan408@example.com
803,69,Pari Sharma,pari.sharma175@example.com
804,93,Sara Reddy,sara.reddy133@example.com
805,51,Vihaan Patel,vihaan.patel357@example.com
806,89,Myra Verma,myra.verma906@example.com
807,93,Riya Gupta,riya.gupta64@example.com
808,40,Aarav Patel,aarav.patel829@example.com
809,43,Vivaan Yadav,vivaan.yadav208@example.com
810,89,Sara Chopra,sara.chopra208@example.com
811,59,Pari Gupta,pari.gupta244@example.com
812,64,Krishna Verma,krishna.verma706@example.com
813,66,Ananya Sharma,ananya.sharma30@example.com
814,34,Saanvi Rajput,saanvi.rajput17@example.com
815,55,Isha Reddy,isha.reddy107@example.com
816,91,Ishaan Yadav,ishaan.yadav440@example.com
817,33,Riya Patel,riya.patel105@example.com
818,71,Avni Mehta,avni.mehta308@example.com
819,47,Aadhya Sharma,aadhya.sharma254@example.com
820,69,Aadhya Chopra,aadhya.chopra919@example.com
821,68,Arjun Gupta,arjun.gupta956@example.com
822,43,Aarav Rajput,aarav.rajput820@example.com
823,61,Diya Patel,diya.patel28@example.com
824,80,Myra Sharma,myra.sharma925@example.com
825,67,Aarohi Chopra,aarohi.chopra758@example.com
826,52,Saanvi Verma,saanvi.verma338@example.com
827,92,Pari Chopra,pari.chopra129@example.com
828,44,Arjun Reddy,arjun.reddy16@example.com
829,54,Myra Khan,myra.khan551@example.com
830,46,Rohan Verma,rohan.verma72@example.com
831,95,Pari Reddy,pari.reddy264@example.com
832,82,Vihaan Chopra,vihaan.chopra583@example.com
833,80,Aarav Rajput,aarav.rajput231@example.com
834,68,Aarav Mehta,aarav.mehta901@example.com
835,80,Avni Khan,avni.khan253@example.com
836,99,Avni Patel,avni.patel32@example.com
837,35,Pari Patel,pari.patel14@example.com
838,96,Aditya Patel,aditya.patel826@example.com
839,36,Sara Gupta,sara.gupta621@example.com
840,80,Arjun Gupta,arjun.gupta298@example.com
841,71,Sara Gupta,sara.gupta737@example.com
842,93,Myra Mehta,myra.mehta62@example.com
843,44,Ananya Mehta,ananya.mehta326@example.com
844,58,Sai Patel,sai.patel528@example.com
845,62,Sai Verma,sai.verma433@example.com
846,56,Vivaan Rajput,vivaan.rajput449@example.com
847,65,Riya Mehta,riya.mehta307@example.com
848,58,Sara Khan,sara.khan80@example.com
849,67,Saanvi Sharma,saanvi.sharma400@example.com
850,86,Saanvi Rajput,saanvi.rajput208@example.com
851,56,Isha Khan,isha.khan759@example.com
852,84,Ishaan Gupta,ishaan.gupta526@example.com
853,62,Vivaan Chopra,vivaan.chopra258@example.com
854,97,Aadhya Patel,aadhya.patel418@example.com
855,95,Pari Reddy,pari.reddy894@example.com
856,39,Isha Patel,isha.patel102@example.com
857,34,Krishna Patel,krishna.patel433@example.com
858,67,Ishaan Chopra,ishaan.chopra739@example.com
859,42,Riya Khan,riya.khan82@example.com
860,60,Isha Verma,isha.verma959@example.com
861,76,Aditya Verma,aditya.verma208@example.com
862,81,Krishna Khan,krishna.khan603@example.com
863,85,Arjun Gupta,arjun.gupta437@example.com
864,44,Aarav Patel,aarav.patel358@example.com
865,58,Ananya Sharma,ananya.sharma812@example.com
866,37,Avni Patel,avni.patel598@example.com
867,34,Riya Yadav,riya.yadav975@example.com
868,58,Ishaan Mehta,ishaan.mehta564@example.com
869,76,Sara Chopra,sara.chopra801@example.com
870,97,Rohan Reddy,rohan.reddy77@example.com
871,74,Vivaan Verma,vivaan.verma727@example.com
872,31,Aarohi Patel,aarohi.patel320@example.com
873,56,Ananya Chopra,ananya.chopra518@example.com
874,65,Ishaan Rajput,ishaan.rajput720@example.com
875,65,Saanvi Yadav,saanvi.yadav583@example.com
876,55,Vivaan Rajput,vivaan.rajput828@example.com
877,72,Ananya Rajput,ananya.rajput29@example.com
878,56,Krishna Gupta,krishna.gupta169@example.com
879,98,Pari Sharma,pari.sharma385@example.com
880,49,Rohan Khan,rohan.khan68@example.com
881,40,Aadhya Sharma,aadhya.sharma509@example.com
882,67,Ishaan Verma,ishaan.verma399@example.com
883,35,Aarohi Patel,aarohi.patel719@example.com
884,52,Aditya Yadav,aditya.yadav674@example.com
885,76,Diya Chopra,diya.chopra374@example.com
886,75,Saanvi Reddy,saanvi.reddy57@example.com
887,41,Aarohi Sharma,aarohi.sharma915@example.com
888,42,Vihaan Sharma,vihaan.sharma542@example.com
889,91,Myra Mehta,myra.mehta415@example.com
890,89,Ananya Chopra,ananya.chopra955@example.com
891,72,Aarav Gupta,aarav.gupta737@example.com
892,97,Sara Mehta,sara.mehta717@example.com
893,34,Aditya Chopra,aditya.chopra345@example.com
894,66,Isha Khan,isha.khan375@example.com
895,60,Aadhya Khan,aadhya.khan838@example.com
896,38,Riya Mehta,riya.mehta283@example.com
897,80,Arjun Khan,arjun.khan817@example.com
898,58,Isha Reddy,isha.reddy449@example.com
899,69,Aarav Gupta,aarav.gupta755@example.com
900,70,Rohan Khan,rohan.khan680@example.com
901,40,Arjun Rajput,arjun.rajput251@example.com
902,52,Isha Khan,isha.khan86@example.com
903,30,Aarav Verma,aarav.verma108@example.com
904,75,Myra Yadav,myra.yadav224@example.com
905,50,Ananya Verma,ananya.verma514@example.com
906,65,Aadhya Sharma,aadhya.sharma506@example.com
907,83,Ananya Patel,ananya.patel283@example.com
908,86,Vivaan Yadav,vivaan.yadav539@example.com
909,30,Isha Rajput,isha.rajput792@example.com
910,92,Krishna Gupta,krishna.gupta38@example.com
911,83,Arjun Reddy,arjun.reddy799@example.com
912,84,Ishaan Patel,ishaan.patel196@example.com
913,69,Vivaan Rajput,vivaan.rajput692@example.com
914,44,Myra Rajput,myra.rajput633@example.com
915,50,Myra Chopra,myra.chopra91@example.com
916,76,Ananya Rajput,ananya.rajput613@example.com
917,82,Rohan Mehta,rohan.mehta713@example.com
918,38,Vihaan Rajput,vihaan.rajput220@example.com
919,81,Sara Chopra,sara.chopra168@example.com
920,86,Diya Sharma,diya.sharma629@example.com
921,55,Isha Yadav,isha.yadav960@example.com
922,70,Aditya Verma,aditya.verma541@example.com
923,64,Krishna Mehta,krishna.mehta856@example.com
924,92,Ishaan Patel,ishaan.patel720@example.com
925,54,Ishaan Gupta,ishaan.gupta338@example.com
926,67,Diya Khan,diya.khan102@example.com
927,31,Vihaan Rajput,vihaan.rajput725@example.com
928,36,Aarav Gupta,aarav.gupta45@example.com
929,63,Avni Yadav,avni.yadav209@example.com
930,46,Pari Verma,pari.verma893@example.com
931,72,Aarav Gupta,aarav.gupta123@example.com
932,88,Saanvi Khan,saanvi.khan308@example.com
933,80,Aadhya Patel,aadhya.patel741@example.com
934,83,Sara Verma,sara.verma617@example.com
935,53,Pari Verma,pari.verma46@example.com
936,54,Saanvi Gupta,saanvi.gupta136@example.com
937,100,Pari Patel,pari.patel159@example.com
938,81,Ishaan Rajput,ishaan.rajput651@example.com
939,99,Saanvi Yadav,saanvi.yadav832@example.com
940,62,Ishaan Chopra,ishaan.chopra52@example.com
941,78,Aditya Gupta,aditya.gupta484@example.com
942,58,Krishna Rajput,krishna.rajput888@example.com
943,92,Sai Reddy,sai.reddy816@example.com
944,51,Sai Verma,sai.verma680@example.com
945,55,Sai Sharma,sai.sharma122@example.com
946,57,Krishna Mehta,krishna.mehta663@example.com
947,78,Saanvi Mehta,saanvi.mehta838@example.com
948,100,Sara Gupta,sara.gupta903@example.com
949,78,Krishna Reddy,krishna.reddy673@example.com
950,49,Ananya Sharma,ananya.sharma597@example.com
951,92,Arjun Verma,arjun.verma187@example.com
952,90,Krishna Rajput,krishna.rajput75@example.com
953,78,Aditya Reddy,aditya.reddy338@example.com
954,100,Arjun Rajput,arjun.rajput305@example.com
955,30,Sara Rajput,sara.rajput667@example.com
956,42,Aadhya Reddy,aadhya.reddy433@example.com
957,80,Riya Verma,riya.verma786@example.com
958,85,Aarohi Gupta,aarohi.gupta18@example.com
959,91,Vivaan Reddy,vivaan.reddy595@example.com
960,61,Ishaan Rajput,ishaan.rajput251@example.com
961,59,Sai Chopra,sai.chopra413@example.com
962,58,Aarav Patel,aarav.patel612@example.com
963,78,Myra Mehta,myra.mehta946@example.com
964,74,Sara Rajput,sara.rajput731@example.com
965,59,Aadhya Verma,aadhya.verma200@example.com
966,45,Saanvi Sharma,saanvi.sharma852@example.com
967,69,Rohan Gupta,rohan.gupta162@example.com
968,48,Ishaan Mehta,ishaan.mehta757@example.com
969,47,Arjun Khan,arjun.khan488@example.com
970,30,Saanvi Verma,saanvi.verma23@example.com
971,76,Pari Reddy,pari.reddy379@example.com
972,95,Rohan Yadav,rohan.yadav162@example.com
973,67,Vihaan Sharma,vihaan.sharma26@example.com
974,80,Saanvi Patel,saanvi.patel465@example.com
975,92,Saanvi Sharma,saanvi.sharma690@example.com
976,33,Aarav Verma,aarav.verma157@example.com
977,30,Pari Rajput,pari.rajput743@example.com
978,37,Krishna Sharma,krishna.sharma51@example.com
979,58,Aarohi Chopra,aarohi.chopra23@example.com
980,84,Aditya Patel,aditya.patel124@example.com
981,32,Sai Gupta,sai.gupta948@example.com
982,61,Saanvi Verma,saanvi.verma941@example.com
983,39,Avni Sharma,avni.sharma596@example.com
984,63,Aadhya Reddy,aadhya.reddy123@example.com
985,84,Pari Khan,pari.khan748@example.com
986,61,Aarav Yadav,aarav.yadav544@example.com
987,79,Aarohi Rajput,aarohi.rajput143@example.com
988,36,Aarohi Reddy,aarohi.reddy780@example.com
989,37,Pari Yadav,pari.yadav115@example.com
990,94,Aarohi Khan,aarohi.khan601@example.com
991,86,Ananya Gupta,ananya.gupta447@example.com
992,96,Riya Sharma,riya.sharma656@example.com
993,88,Myra Rajput,myra.rajput5@example.com
994,83,Saanvi Patel,saanvi.patel29@example.com
995,96,Saanvi Verma,saanvi.verma851@example.com
996,80,Saanvi Mehta,saanvi.mehta861@example.com
997,37,Rohan Chopra,rohan.chopra309@example.com
998,63,Ananya Sharma,ananya.sharma653@example.com
999,64,Rohan Sharma,rohan.sharma343@example.com
1000,61,Sai Patel,sai.patel545@example.com
